name	pool	seq	size	%gc	tm (use 65)
RSVB_1_LEFT	1	ACGCGAAAAAATGCGTACTACAAAC	25
RSVB_1_RIGHT	1	CTGMACCATAGGCATTCATAAACA	24
RSVB_2_LEFT	2	ATGGGAGARGTRGCTCCAGAATA	23
RSVB_2_RIGHT	2	CGTGTAGCTGTRTGYTTCCAA	21
RSVB_3_LEFT	1	GCATCACTWACAATATGGGTKCC	23
RSVB_3_RIGHT	1	CACTTTTGATYTTGTTCACTTCYCC	25
RSVB_4_LEFT	2	AGCAAATTYTGGCCYTAYTTTAC	23
RSVB_4_RIGHT	2	CTCATAGCAACACATGCTGATTG	23
RSVB_5_LEFT	1	TGATGCATCAATATCTCAAGTCA	23
RSVB_5_RIGHT	1	GRCCTATDCCTGCATACTC	19
RSVB_6_LEFT	2	TGGACCATWGAAGCYATATCA	21
RSVB_6_RIGHT	2	AGTGTCAAAAACTAATRTCTCGT	23
RSVB_6_RIGHT_alt	2	ACGAGAAAAAAAGTGTCAAAAACTAAT	27	
